"email_hash","category"
"b9f6f22276c919da793da65c76345ebb0b072257d12402107d09c89bc369a6b6","Kitchen Cleaner"
"c2b5fa9e09ef2464a2b9ed7e351a5e1499823083c057913c6995fdf4335c73e7","Kitchen Cleaner"
"faaee0ff7d06b05313ecb75d46a9aed014b11023ca1af5ec21a0607848071d18","Kitchen Cleaner"
"5cd72da5035f2b36b604a16efc639cd04b6cfae7e487dcba60db88d3ef870f1e","Kitchen Cleaner"
"00449a86bb34e443a5f84635661f63514574a030a15e2e57b81b2c3f4fa49650","Kitchen Cleaner"
"b6161d458c4cc28331291235d05b3e458918d2ed21abfc4b86e4bac047b5553c","Bathroom Cleaner"
"e088d5dbbca4c61e870dd32e2584623da88870327f060bd0d27465136366f353","Bathroom Cleaner"
"4727745894cc3d99632c89a64067f69327913989cddb9e2de5793d4de12ef4ef","Bathroom Cleaner"
"1ed6083eb9dc193dcd42466b57adce9f581cd70207426a37036a5dda3b3ad55a","Bathroom Cleaner"
